,Algorithm,Restrict,Test,Sig. level,Maximize,Score,No. of calls,SHD,SID,PR AUC,ROC AUC,F1,Accuracy,BDeu,BIC
0,rsmax2,fast.iamb,mi,0.01,hc,bde,460.0,4.0,8.0,0.8411458333333333,0.8333333333333333,0.8,0.984375,-13687.357190920053,-13920.824816329889
1,rsmax2,fast.iamb,mi,0.01,hc,bic,460.0,4.0,8.0,0.8411458333333333,0.8333333333333333,0.8,0.984375,-13687.357190920053,-13920.824816329889
2,rsmax2,fast.iamb,mi,0.01,tabu,bde,480.0,4.0,8.0,0.8411458333333333,0.8333333333333333,0.8,0.984375,-13687.357190920053,-13920.824816329889
3,rsmax2,fast.iamb,mi,0.01,tabu,bic,480.0,4.0,8.0,0.8411458333333333,0.8333333333333333,0.8,0.984375,-13687.357190920053,-13920.824816329889
4,rsmax2,fast.iamb,mi,0.05,hc,bde,445.0,4.0,8.0,0.8411458333333333,0.8333333333333333,0.8,0.984375,-13687.357190920053,-13920.824816329889
5,rsmax2,fast.iamb,mi,0.05,hc,bic,445.0,4.0,8.0,0.8411458333333333,0.8333333333333333,0.8,0.984375,-13687.357190920053,-13920.824816329889
6,rsmax2,fast.iamb,mi,0.05,tabu,bde,465.0,4.0,8.0,0.8411458333333333,0.8333333333333333,0.8,0.984375,-13687.357190920053,-13920.824816329889
7,rsmax2,fast.iamb,mi,0.05,tabu,bic,465.0,4.0,8.0,0.8411458333333333,0.8333333333333333,0.8,0.984375,-13687.357190920053,-13920.824816329889
8,rsmax2,fast.iamb,mi,0.1,hc,bde,445.0,4.0,8.0,0.8411458333333333,0.8333333333333333,0.8,0.984375,-13687.357190920053,-13920.824816329889
9,rsmax2,fast.iamb,mi,0.1,hc,bic,445.0,4.0,8.0,0.8411458333333333,0.8333333333333333,0.8,0.984375,-13687.357190920053,-13920.824816329889
10,rsmax2,fast.iamb,mi,0.1,tabu,bde,465.0,4.0,8.0,0.8411458333333333,0.8333333333333333,0.8,0.984375,-13687.357190920053,-13920.824816329889
11,rsmax2,fast.iamb,mi,0.1,tabu,bic,465.0,4.0,8.0,0.8411458333333333,0.8333333333333333,0.8,0.984375,-13687.357190920053,-13920.824816329889
12,rsmax2,fast.iamb,x2,0.01,hc,bde,460.0,4.0,8.0,0.8411458333333333,0.8333333333333333,0.8,0.984375,-13687.357190920053,-13920.824816329889
13,rsmax2,fast.iamb,x2,0.01,hc,bic,460.0,4.0,8.0,0.8411458333333333,0.8333333333333333,0.8,0.984375,-13687.357190920053,-13920.824816329889
14,rsmax2,fast.iamb,x2,0.01,tabu,bde,480.0,4.0,8.0,0.8411458333333333,0.8333333333333333,0.8,0.984375,-13687.357190920053,-13920.824816329889
15,rsmax2,fast.iamb,x2,0.01,tabu,bic,480.0,4.0,8.0,0.8411458333333333,0.8333333333333333,0.8,0.984375,-13687.357190920053,-13920.824816329889
16,rsmax2,fast.iamb,x2,0.05,hc,bde,445.0,4.0,8.0,0.8411458333333333,0.8333333333333333,0.8,0.984375,-13687.357190920053,-13920.824816329889
17,rsmax2,fast.iamb,x2,0.05,hc,bic,445.0,4.0,8.0,0.8411458333333333,0.8333333333333333,0.8,0.984375,-13687.357190920053,-13920.824816329889
18,rsmax2,fast.iamb,x2,0.05,tabu,bde,465.0,4.0,8.0,0.8411458333333333,0.8333333333333333,0.8,0.984375,-13687.357190920053,-13920.824816329889
19,rsmax2,fast.iamb,x2,0.05,tabu,bic,465.0,4.0,8.0,0.8411458333333333,0.8333333333333333,0.8,0.984375,-13687.357190920053,-13920.824816329889
20,rsmax2,fast.iamb,x2,0.1,hc,bde,445.0,4.0,8.0,0.8411458333333333,0.8333333333333333,0.8,0.984375,-13687.357190920053,-13920.824816329889
21,rsmax2,fast.iamb,x2,0.1,hc,bic,445.0,4.0,8.0,0.8411458333333333,0.8333333333333333,0.8,0.984375,-13687.357190920053,-13920.824816329889
22,rsmax2,fast.iamb,x2,0.1,tabu,bde,465.0,4.0,8.0,0.8411458333333333,0.8333333333333333,0.8,0.984375,-13687.357190920053,-13920.824816329889
23,rsmax2,fast.iamb,x2,0.1,tabu,bic,465.0,4.0,8.0,0.8411458333333333,0.8333333333333333,0.8,0.984375,-13687.357190920053,-13920.824816329889
24,rsmax2,gs,mi,0.01,hc,bde,400.0,4.0,8.0,0.8411458333333333,0.8333333333333333,0.8,0.984375,-13687.357190920053,-13920.824816329889
25,rsmax2,gs,mi,0.01,hc,bic,400.0,4.0,8.0,0.8411458333333333,0.8333333333333333,0.8,0.984375,-13687.357190920053,-13920.824816329889
26,rsmax2,gs,mi,0.01,tabu,bde,420.0,4.0,8.0,0.8411458333333333,0.8333333333333333,0.8,0.984375,-13687.357190920053,-13920.824816329889
27,rsmax2,gs,mi,0.01,tabu,bic,420.0,4.0,8.0,0.8411458333333333,0.8333333333333333,0.8,0.984375,-13687.357190920053,-13920.824816329889
28,rsmax2,gs,mi,0.05,hc,bde,403.0,4.0,8.0,0.8411458333333333,0.8333333333333333,0.8,0.984375,-13687.357190920053,-13920.824816329889
29,rsmax2,gs,mi,0.05,hc,bic,403.0,4.0,8.0,0.8411458333333333,0.8333333333333333,0.8,0.984375,-13687.357190920053,-13920.824816329889
30,rsmax2,gs,mi,0.05,tabu,bde,423.0,4.0,8.0,0.8411458333333333,0.8333333333333333,0.8,0.984375,-13687.357190920053,-13920.824816329889
31,rsmax2,gs,mi,0.05,tabu,bic,423.0,4.0,8.0,0.8411458333333333,0.8333333333333333,0.8,0.984375,-13687.357190920053,-13920.824816329889
32,rsmax2,gs,mi,0.1,hc,bde,403.0,4.0,8.0,0.8411458333333333,0.8333333333333333,0.8,0.984375,-13687.357190920053,-13920.824816329889
33,rsmax2,gs,mi,0.1,hc,bic,403.0,4.0,8.0,0.8411458333333333,0.8333333333333333,0.8,0.984375,-13687.357190920053,-13920.824816329889
34,rsmax2,gs,mi,0.1,tabu,bde,423.0,4.0,8.0,0.8411458333333333,0.8333333333333333,0.8,0.984375,-13687.357190920053,-13920.824816329889
35,rsmax2,gs,mi,0.1,tabu,bic,423.0,4.0,8.0,0.8411458333333333,0.8333333333333333,0.8,0.984375,-13687.357190920053,-13920.824816329889
36,rsmax2,gs,x2,0.01,hc,bde,400.0,4.0,8.0,0.8411458333333333,0.8333333333333333,0.8,0.984375,-13687.357190920053,-13920.824816329889
37,rsmax2,gs,x2,0.01,hc,bic,400.0,4.0,8.0,0.8411458333333333,0.8333333333333333,0.8,0.984375,-13687.357190920053,-13920.824816329889
38,rsmax2,gs,x2,0.01,tabu,bde,420.0,4.0,8.0,0.8411458333333333,0.8333333333333333,0.8,0.984375,-13687.357190920053,-13920.824816329889
39,rsmax2,gs,x2,0.01,tabu,bic,420.0,4.0,8.0,0.8411458333333333,0.8333333333333333,0.8,0.984375,-13687.357190920053,-13920.824816329889
40,rsmax2,gs,x2,0.05,hc,bde,402.0,4.0,8.0,0.8411458333333333,0.8333333333333333,0.8,0.984375,-13687.357190920053,-13920.824816329889
41,rsmax2,gs,x2,0.05,hc,bic,402.0,4.0,8.0,0.8411458333333333,0.8333333333333333,0.8,0.984375,-13687.357190920053,-13920.824816329889
42,rsmax2,gs,x2,0.05,tabu,bde,422.0,4.0,8.0,0.8411458333333333,0.8333333333333333,0.8,0.984375,-13687.357190920053,-13920.824816329889
43,rsmax2,gs,x2,0.05,tabu,bic,422.0,4.0,8.0,0.8411458333333333,0.8333333333333333,0.8,0.984375,-13687.357190920053,-13920.824816329889
44,rsmax2,gs,x2,0.1,hc,bde,403.0,4.0,8.0,0.8411458333333333,0.8333333333333333,0.8,0.984375,-13687.357190920053,-13920.824816329889
45,rsmax2,gs,x2,0.1,hc,bic,403.0,4.0,8.0,0.8411458333333333,0.8333333333333333,0.8,0.984375,-13687.357190920053,-13920.824816329889
46,rsmax2,gs,x2,0.1,tabu,bde,423.0,4.0,8.0,0.8411458333333333,0.8333333333333333,0.8,0.984375,-13687.357190920053,-13920.824816329889
47,rsmax2,gs,x2,0.1,tabu,bic,423.0,4.0,8.0,0.8411458333333333,0.8333333333333333,0.8,0.984375,-13687.357190920053,-13920.824816329889
48,rsmax2,hpc,mi,0.01,tabu,bde,400.0,4.0,8.0,0.8411458333333333,0.8333333333333333,0.8,0.984375,-13687.357190920053,-13920.824816329889
49,rsmax2,hpc,mi,0.01,tabu,bic,400.0,4.0,8.0,0.8411458333333333,0.8333333333333333,0.8,0.984375,-13687.357190920053,-13920.824816329889
50,rsmax2,hpc,mi,0.05,tabu,bde,433.0,4.0,8.0,0.8411458333333333,0.8333333333333333,0.8,0.984375,-13687.357190920053,-13920.824816329889
51,rsmax2,hpc,mi,0.05,tabu,bic,433.0,4.0,8.0,0.8411458333333333,0.8333333333333333,0.8,0.984375,-13687.357190920053,-13920.824816329889
52,rsmax2,hpc,mi,0.1,tabu,bde,435.0,4.0,8.0,0.8411458333333333,0.8333333333333333,0.8,0.984375,-13687.357190920053,-13920.824816329889
53,rsmax2,hpc,mi,0.1,tabu,bic,435.0,4.0,8.0,0.8411458333333333,0.8333333333333333,0.8,0.984375,-13687.357190920053,-13920.824816329889
54,rsmax2,hpc,x2,0.01,tabu,bde,400.0,4.0,8.0,0.8411458333333333,0.8333333333333333,0.8,0.984375,-13687.357190920053,-13920.824816329889
55,rsmax2,hpc,x2,0.01,tabu,bic,400.0,4.0,8.0,0.8411458333333333,0.8333333333333333,0.8,0.984375,-13687.357190920053,-13920.824816329889
56,rsmax2,hpc,x2,0.05,tabu,bde,431.0,4.0,8.0,0.8411458333333333,0.8333333333333333,0.8,0.984375,-13687.357190920053,-13920.824816329889
57,rsmax2,hpc,x2,0.05,tabu,bic,431.0,4.0,8.0,0.8411458333333333,0.8333333333333333,0.8,0.984375,-13687.357190920053,-13920.824816329889
58,rsmax2,hpc,x2,0.1,tabu,bde,433.0,4.0,8.0,0.8411458333333333,0.8333333333333333,0.8,0.984375,-13687.357190920053,-13920.824816329889
59,rsmax2,hpc,x2,0.1,tabu,bic,433.0,4.0,8.0,0.8411458333333333,0.8333333333333333,0.8,0.984375,-13687.357190920053,-13920.824816329889
60,rsmax2,iamb.fdr,mi,0.01,hc,bde,616.0,4.0,8.0,0.8411458333333333,0.8333333333333333,0.8,0.984375,-13687.357190920053,-13920.824816329889
61,rsmax2,iamb.fdr,mi,0.01,hc,bic,616.0,4.0,8.0,0.8411458333333333,0.8333333333333333,0.8,0.984375,-13687.357190920053,-13920.824816329889
62,rsmax2,iamb.fdr,mi,0.01,tabu,bde,636.0,4.0,8.0,0.8411458333333333,0.8333333333333333,0.8,0.984375,-13687.357190920053,-13920.824816329889
63,rsmax2,iamb.fdr,mi,0.01,tabu,bic,636.0,4.0,8.0,0.8411458333333333,0.8333333333333333,0.8,0.984375,-13687.357190920053,-13920.824816329889
64,rsmax2,iamb.fdr,mi,0.05,hc,bde,616.0,4.0,8.0,0.8411458333333333,0.8333333333333333,0.8,0.984375,-13687.357190920053,-13920.824816329889
65,rsmax2,iamb.fdr,mi,0.05,hc,bic,616.0,4.0,8.0,0.8411458333333333,0.8333333333333333,0.8,0.984375,-13687.357190920053,-13920.824816329889
66,rsmax2,iamb.fdr,mi,0.05,tabu,bde,636.0,4.0,8.0,0.8411458333333333,0.8333333333333333,0.8,0.984375,-13687.357190920053,-13920.824816329889
67,rsmax2,iamb.fdr,mi,0.05,tabu,bic,636.0,4.0,8.0,0.8411458333333333,0.8333333333333333,0.8,0.984375,-13687.357190920053,-13920.824816329889
68,rsmax2,iamb.fdr,mi,0.1,hc,bde,616.0,4.0,8.0,0.8411458333333333,0.8333333333333333,0.8,0.984375,-13687.357190920053,-13920.824816329889
69,rsmax2,iamb.fdr,mi,0.1,hc,bic,616.0,4.0,8.0,0.8411458333333333,0.8333333333333333,0.8,0.984375,-13687.357190920053,-13920.824816329889
70,rsmax2,iamb.fdr,mi,0.1,tabu,bde,636.0,4.0,8.0,0.8411458333333333,0.8333333333333333,0.8,0.984375,-13687.357190920053,-13920.824816329889
71,rsmax2,iamb.fdr,mi,0.1,tabu,bic,636.0,4.0,8.0,0.8411458333333333,0.8333333333333333,0.8,0.984375,-13687.357190920053,-13920.824816329889
72,rsmax2,iamb.fdr,x2,0.01,hc,bde,616.0,4.0,8.0,0.8411458333333333,0.8333333333333333,0.8,0.984375,-13687.357190920053,-13920.824816329889
73,rsmax2,iamb.fdr,x2,0.01,hc,bic,616.0,4.0,8.0,0.8411458333333333,0.8333333333333333,0.8,0.984375,-13687.357190920053,-13920.824816329889
74,rsmax2,iamb.fdr,x2,0.01,tabu,bde,636.0,4.0,8.0,0.8411458333333333,0.8333333333333333,0.8,0.984375,-13687.357190920053,-13920.824816329889
75,rsmax2,iamb.fdr,x2,0.01,tabu,bic,636.0,4.0,8.0,0.8411458333333333,0.8333333333333333,0.8,0.984375,-13687.357190920053,-13920.824816329889
76,rsmax2,iamb.fdr,x2,0.05,hc,bde,616.0,4.0,8.0,0.8411458333333333,0.8333333333333333,0.8,0.984375,-13687.357190920053,-13920.824816329889
77,rsmax2,iamb.fdr,x2,0.05,hc,bic,616.0,4.0,8.0,0.8411458333333333,0.8333333333333333,0.8,0.984375,-13687.357190920053,-13920.824816329889
78,rsmax2,iamb.fdr,x2,0.05,tabu,bde,636.0,4.0,8.0,0.8411458333333333,0.8333333333333333,0.8,0.984375,-13687.357190920053,-13920.824816329889
79,rsmax2,iamb.fdr,x2,0.05,tabu,bic,636.0,4.0,8.0,0.8411458333333333,0.8333333333333333,0.8,0.984375,-13687.357190920053,-13920.824816329889
80,rsmax2,iamb.fdr,x2,0.1,hc,bde,616.0,4.0,8.0,0.8411458333333333,0.8333333333333333,0.8,0.984375,-13687.357190920053,-13920.824816329889
81,rsmax2,iamb.fdr,x2,0.1,hc,bic,616.0,4.0,8.0,0.8411458333333333,0.8333333333333333,0.8,0.984375,-13687.357190920053,-13920.824816329889
82,rsmax2,iamb.fdr,x2,0.1,tabu,bde,636.0,4.0,8.0,0.8411458333333333,0.8333333333333333,0.8,0.984375,-13687.357190920053,-13920.824816329889
83,rsmax2,iamb.fdr,x2,0.1,tabu,bic,636.0,4.0,8.0,0.8411458333333333,0.8333333333333333,0.8,0.984375,-13687.357190920053,-13920.824816329889
84,rsmax2,iamb,mi,0.01,hc,bde,592.0,4.0,8.0,0.8411458333333333,0.8333333333333333,0.8,0.984375,-13687.357190920053,-13920.824816329889
85,rsmax2,iamb,mi,0.01,hc,bic,592.0,4.0,8.0,0.8411458333333333,0.8333333333333333,0.8,0.984375,-13687.357190920053,-13920.824816329889
86,rsmax2,iamb,mi,0.01,tabu,bde,612.0,4.0,8.0,0.8411458333333333,0.8333333333333333,0.8,0.984375,-13687.357190920053,-13920.824816329889
87,rsmax2,iamb,mi,0.01,tabu,bic,612.0,4.0,8.0,0.8411458333333333,0.8333333333333333,0.8,0.984375,-13687.357190920053,-13920.824816329889
88,rsmax2,iamb,mi,0.05,hc,bde,592.0,4.0,8.0,0.8411458333333333,0.8333333333333333,0.8,0.984375,-13687.357190920053,-13920.824816329889
89,rsmax2,iamb,mi,0.05,hc,bic,592.0,4.0,8.0,0.8411458333333333,0.8333333333333333,0.8,0.984375,-13687.357190920053,-13920.824816329889
90,rsmax2,iamb,mi,0.05,tabu,bde,612.0,4.0,8.0,0.8411458333333333,0.8333333333333333,0.8,0.984375,-13687.357190920053,-13920.824816329889
91,rsmax2,iamb,mi,0.05,tabu,bic,612.0,4.0,8.0,0.8411458333333333,0.8333333333333333,0.8,0.984375,-13687.357190920053,-13920.824816329889
92,rsmax2,iamb,mi,0.1,hc,bde,592.0,4.0,8.0,0.8411458333333333,0.8333333333333333,0.8,0.984375,-13687.357190920053,-13920.824816329889
93,rsmax2,iamb,mi,0.1,hc,bic,592.0,4.0,8.0,0.8411458333333333,0.8333333333333333,0.8,0.984375,-13687.357190920053,-13920.824816329889
94,rsmax2,iamb,mi,0.1,tabu,bde,612.0,4.0,8.0,0.8411458333333333,0.8333333333333333,0.8,0.984375,-13687.357190920053,-13920.824816329889
95,rsmax2,iamb,mi,0.1,tabu,bic,612.0,4.0,8.0,0.8411458333333333,0.8333333333333333,0.8,0.984375,-13687.357190920053,-13920.824816329889
96,rsmax2,iamb,x2,0.01,hc,bde,592.0,4.0,8.0,0.8411458333333333,0.8333333333333333,0.8,0.984375,-13687.357190920053,-13920.824816329889
97,rsmax2,iamb,x2,0.01,hc,bic,592.0,4.0,8.0,0.8411458333333333,0.8333333333333333,0.8,0.984375,-13687.357190920053,-13920.824816329889
98,rsmax2,iamb,x2,0.01,tabu,bde,612.0,4.0,8.0,0.8411458333333333,0.8333333333333333,0.8,0.984375,-13687.357190920053,-13920.824816329889
99,rsmax2,iamb,x2,0.01,tabu,bic,612.0,4.0,8.0,0.8411458333333333,0.8333333333333333,0.8,0.984375,-13687.357190920053,-13920.824816329889
100,rsmax2,iamb,x2,0.05,hc,bde,592.0,4.0,8.0,0.8411458333333333,0.8333333333333333,0.8,0.984375,-13687.357190920053,-13920.824816329889
101,rsmax2,iamb,x2,0.05,hc,bic,592.0,4.0,8.0,0.8411458333333333,0.8333333333333333,0.8,0.984375,-13687.357190920053,-13920.824816329889
102,rsmax2,iamb,x2,0.05,tabu,bde,612.0,4.0,8.0,0.8411458333333333,0.8333333333333333,0.8,0.984375,-13687.357190920053,-13920.824816329889
103,rsmax2,iamb,x2,0.05,tabu,bic,612.0,4.0,8.0,0.8411458333333333,0.8333333333333333,0.8,0.984375,-13687.357190920053,-13920.824816329889
104,rsmax2,iamb,x2,0.1,hc,bde,592.0,4.0,8.0,0.8411458333333333,0.8333333333333333,0.8,0.984375,-13687.357190920053,-13920.824816329889
105,rsmax2,iamb,x2,0.1,hc,bic,592.0,4.0,8.0,0.8411458333333333,0.8333333333333333,0.8,0.984375,-13687.357190920053,-13920.824816329889
106,rsmax2,iamb,x2,0.1,tabu,bde,612.0,4.0,8.0,0.8411458333333333,0.8333333333333333,0.8,0.984375,-13687.357190920053,-13920.824816329889
107,rsmax2,iamb,x2,0.1,tabu,bic,612.0,4.0,8.0,0.8411458333333333,0.8333333333333333,0.8,0.984375,-13687.357190920053,-13920.824816329889
108,rsmax2,inter.iamb,mi,0.01,hc,bde,592.0,4.0,8.0,0.8411458333333333,0.8333333333333333,0.8,0.984375,-13687.357190920053,-13920.824816329889
109,rsmax2,inter.iamb,mi,0.01,hc,bic,592.0,4.0,8.0,0.8411458333333333,0.8333333333333333,0.8,0.984375,-13687.357190920053,-13920.824816329889
110,rsmax2,inter.iamb,mi,0.01,tabu,bde,612.0,4.0,8.0,0.8411458333333333,0.8333333333333333,0.8,0.984375,-13687.357190920053,-13920.824816329889
111,rsmax2,inter.iamb,mi,0.01,tabu,bic,612.0,4.0,8.0,0.8411458333333333,0.8333333333333333,0.8,0.984375,-13687.357190920053,-13920.824816329889
112,rsmax2,inter.iamb,mi,0.05,hc,bde,592.0,4.0,8.0,0.8411458333333333,0.8333333333333333,0.8,0.984375,-13687.357190920053,-13920.824816329889
113,rsmax2,inter.iamb,mi,0.05,hc,bic,592.0,4.0,8.0,0.8411458333333333,0.8333333333333333,0.8,0.984375,-13687.357190920053,-13920.824816329889
114,rsmax2,inter.iamb,mi,0.05,tabu,bde,612.0,4.0,8.0,0.8411458333333333,0.8333333333333333,0.8,0.984375,-13687.357190920053,-13920.824816329889
115,rsmax2,inter.iamb,mi,0.05,tabu,bic,612.0,4.0,8.0,0.8411458333333333,0.8333333333333333,0.8,0.984375,-13687.357190920053,-13920.824816329889
116,rsmax2,inter.iamb,mi,0.1,hc,bde,592.0,4.0,8.0,0.8411458333333333,0.8333333333333333,0.8,0.984375,-13687.357190920053,-13920.824816329889
117,rsmax2,inter.iamb,mi,0.1,hc,bic,592.0,4.0,8.0,0.8411458333333333,0.8333333333333333,0.8,0.984375,-13687.357190920053,-13920.824816329889
118,rsmax2,inter.iamb,mi,0.1,tabu,bde,612.0,4.0,8.0,0.8411458333333333,0.8333333333333333,0.8,0.984375,-13687.357190920053,-13920.824816329889
119,rsmax2,inter.iamb,mi,0.1,tabu,bic,612.0,4.0,8.0,0.8411458333333333,0.8333333333333333,0.8,0.984375,-13687.357190920053,-13920.824816329889
120,rsmax2,inter.iamb,x2,0.01,hc,bde,592.0,4.0,8.0,0.8411458333333333,0.8333333333333333,0.8,0.984375,-13687.357190920053,-13920.824816329889
121,rsmax2,inter.iamb,x2,0.01,hc,bic,592.0,4.0,8.0,0.8411458333333333,0.8333333333333333,0.8,0.984375,-13687.357190920053,-13920.824816329889
122,rsmax2,inter.iamb,x2,0.01,tabu,bde,612.0,4.0,8.0,0.8411458333333333,0.8333333333333333,0.8,0.984375,-13687.357190920053,-13920.824816329889
123,rsmax2,inter.iamb,x2,0.01,tabu,bic,612.0,4.0,8.0,0.8411458333333333,0.8333333333333333,0.8,0.984375,-13687.357190920053,-13920.824816329889
124,rsmax2,inter.iamb,x2,0.05,hc,bde,592.0,4.0,8.0,0.8411458333333333,0.8333333333333333,0.8,0.984375,-13687.357190920053,-13920.824816329889
125,rsmax2,inter.iamb,x2,0.05,hc,bic,592.0,4.0,8.0,0.8411458333333333,0.8333333333333333,0.8,0.984375,-13687.357190920053,-13920.824816329889
126,rsmax2,inter.iamb,x2,0.05,tabu,bde,612.0,4.0,8.0,0.8411458333333333,0.8333333333333333,0.8,0.984375,-13687.357190920053,-13920.824816329889
127,rsmax2,inter.iamb,x2,0.05,tabu,bic,612.0,4.0,8.0,0.8411458333333333,0.8333333333333333,0.8,0.984375,-13687.357190920053,-13920.824816329889
128,rsmax2,inter.iamb,x2,0.1,hc,bde,592.0,4.0,8.0,0.8411458333333333,0.8333333333333333,0.8,0.984375,-13687.357190920053,-13920.824816329889
129,rsmax2,inter.iamb,x2,0.1,hc,bic,592.0,4.0,8.0,0.8411458333333333,0.8333333333333333,0.8,0.984375,-13687.357190920053,-13920.824816329889
130,rsmax2,inter.iamb,x2,0.1,tabu,bde,612.0,4.0,8.0,0.8411458333333333,0.8333333333333333,0.8,0.984375,-13687.357190920053,-13920.824816329889
131,rsmax2,inter.iamb,x2,0.1,tabu,bic,612.0,4.0,8.0,0.8411458333333333,0.8333333333333333,0.8,0.984375,-13687.357190920053,-13920.824816329889
132,rsmax2,mmpc,mi,0.01,tabu,bde,580.0,4.0,8.0,0.8411458333333333,0.8333333333333333,0.8,0.984375,-13687.357190920053,-13920.824816329889
133,rsmax2,mmpc,mi,0.01,tabu,bic,580.0,4.0,8.0,0.8411458333333333,0.8333333333333333,0.8,0.984375,-13687.357190920053,-13920.824816329889
134,rsmax2,mmpc,mi,0.05,tabu,bde,604.0,4.0,8.0,0.8411458333333333,0.8333333333333333,0.8,0.984375,-13687.357190920053,-13920.824816329889
135,rsmax2,mmpc,mi,0.05,tabu,bic,604.0,4.0,8.0,0.8411458333333333,0.8333333333333333,0.8,0.984375,-13687.357190920053,-13920.824816329889
136,rsmax2,mmpc,mi,0.1,tabu,bde,616.0,4.0,8.0,0.8411458333333333,0.8333333333333333,0.8,0.984375,-13687.357190920053,-13920.824816329889
137,rsmax2,mmpc,mi,0.1,tabu,bic,616.0,4.0,8.0,0.8411458333333333,0.8333333333333333,0.8,0.984375,-13687.357190920053,-13920.824816329889
138,rsmax2,mmpc,x2,0.01,tabu,bde,580.0,4.0,8.0,0.8411458333333333,0.8333333333333333,0.8,0.984375,-13687.357190920053,-13920.824816329889
139,rsmax2,mmpc,x2,0.01,tabu,bic,580.0,4.0,8.0,0.8411458333333333,0.8333333333333333,0.8,0.984375,-13687.357190920053,-13920.824816329889
140,rsmax2,mmpc,x2,0.05,tabu,bde,596.0,4.0,8.0,0.8411458333333333,0.8333333333333333,0.8,0.984375,-13687.357190920053,-13920.824816329889
141,rsmax2,mmpc,x2,0.05,tabu,bic,596.0,4.0,8.0,0.8411458333333333,0.8333333333333333,0.8,0.984375,-13687.357190920053,-13920.824816329889
142,rsmax2,mmpc,x2,0.1,tabu,bde,604.0,4.0,8.0,0.8411458333333333,0.8333333333333333,0.8,0.984375,-13687.357190920053,-13920.824816329889
143,rsmax2,mmpc,x2,0.1,tabu,bic,604.0,4.0,8.0,0.8411458333333333,0.8333333333333333,0.8,0.984375,-13687.357190920053,-13920.824816329889
144,rsmax2,pc.stable,mi,0.01,hc,bde,276.0,4.0,8.0,0.8411458333333333,0.8333333333333333,0.8,0.984375,-13687.357190920053,-13920.824816329889
145,rsmax2,pc.stable,mi,0.01,hc,bic,276.0,4.0,8.0,0.8411458333333333,0.8333333333333333,0.8,0.984375,-13687.357190920053,-13920.824816329889
146,rsmax2,pc.stable,mi,0.01,tabu,bde,296.0,4.0,8.0,0.8411458333333333,0.8333333333333333,0.8,0.984375,-13687.357190920053,-13920.824816329889
147,rsmax2,pc.stable,mi,0.01,tabu,bic,296.0,4.0,8.0,0.8411458333333333,0.8333333333333333,0.8,0.984375,-13687.357190920053,-13920.824816329889
148,rsmax2,pc.stable,mi,0.05,hc,bde,285.0,4.0,8.0,0.8411458333333333,0.8333333333333333,0.8,0.984375,-13687.357190920053,-13920.824816329889
149,rsmax2,pc.stable,mi,0.05,hc,bic,285.0,4.0,8.0,0.8411458333333333,0.8333333333333333,0.8,0.984375,-13687.357190920053,-13920.824816329889
150,rsmax2,pc.stable,mi,0.05,tabu,bde,305.0,4.0,8.0,0.8411458333333333,0.8333333333333333,0.8,0.984375,-13687.357190920053,-13920.824816329889
151,rsmax2,pc.stable,mi,0.05,tabu,bic,305.0,4.0,8.0,0.8411458333333333,0.8333333333333333,0.8,0.984375,-13687.357190920053,-13920.824816329889
152,rsmax2,pc.stable,mi,0.1,hc,bde,293.0,4.0,8.0,0.8411458333333333,0.8333333333333333,0.8,0.984375,-13687.357190920053,-13920.824816329889
153,rsmax2,pc.stable,mi,0.1,hc,bic,293.0,4.0,8.0,0.8411458333333333,0.8333333333333333,0.8,0.984375,-13687.357190920053,-13920.824816329889
154,rsmax2,pc.stable,mi,0.1,tabu,bde,313.0,4.0,8.0,0.8411458333333333,0.8333333333333333,0.8,0.984375,-13687.357190920053,-13920.824816329889
155,rsmax2,pc.stable,mi,0.1,tabu,bic,313.0,4.0,8.0,0.8411458333333333,0.8333333333333333,0.8,0.984375,-13687.357190920053,-13920.824816329889
156,rsmax2,pc.stable,x2,0.01,hc,bde,276.0,4.0,8.0,0.8411458333333333,0.8333333333333333,0.8,0.984375,-13687.357190920053,-13920.824816329889
157,rsmax2,pc.stable,x2,0.01,hc,bic,276.0,4.0,8.0,0.8411458333333333,0.8333333333333333,0.8,0.984375,-13687.357190920053,-13920.824816329889
158,rsmax2,pc.stable,x2,0.01,tabu,bde,296.0,4.0,8.0,0.8411458333333333,0.8333333333333333,0.8,0.984375,-13687.357190920053,-13920.824816329889
159,rsmax2,pc.stable,x2,0.01,tabu,bic,296.0,4.0,8.0,0.8411458333333333,0.8333333333333333,0.8,0.984375,-13687.357190920053,-13920.824816329889
160,rsmax2,pc.stable,x2,0.05,hc,bde,280.0,4.0,8.0,0.8411458333333333,0.8333333333333333,0.8,0.984375,-13687.357190920053,-13920.824816329889
161,rsmax2,pc.stable,x2,0.05,hc,bic,280.0,4.0,8.0,0.8411458333333333,0.8333333333333333,0.8,0.984375,-13687.357190920053,-13920.824816329889
162,rsmax2,pc.stable,x2,0.05,tabu,bde,300.0,4.0,8.0,0.8411458333333333,0.8333333333333333,0.8,0.984375,-13687.357190920053,-13920.824816329889
163,rsmax2,pc.stable,x2,0.05,tabu,bic,300.0,4.0,8.0,0.8411458333333333,0.8333333333333333,0.8,0.984375,-13687.357190920053,-13920.824816329889
164,rsmax2,pc.stable,x2,0.1,hc,bde,285.0,4.0,8.0,0.8411458333333333,0.8333333333333333,0.8,0.984375,-13687.357190920053,-13920.824816329889
165,rsmax2,pc.stable,x2,0.1,hc,bic,285.0,4.0,8.0,0.8411458333333333,0.8333333333333333,0.8,0.984375,-13687.357190920053,-13920.824816329889
166,rsmax2,pc.stable,x2,0.1,tabu,bde,305.0,4.0,8.0,0.8411458333333333,0.8333333333333333,0.8,0.984375,-13687.357190920053,-13920.824816329889
167,rsmax2,pc.stable,x2,0.1,tabu,bic,305.0,4.0,8.0,0.8411458333333333,0.8333333333333333,0.8,0.984375,-13687.357190920053,-13920.824816329889
168,rsmax2,si.hiton.pc,mi,0.01,hc,bde,284.0,4.0,8.0,0.8411458333333333,0.8333333333333333,0.8,0.984375,-13687.357190920053,-13920.824816329889
169,rsmax2,si.hiton.pc,mi,0.01,hc,bic,284.0,4.0,8.0,0.8411458333333333,0.8333333333333333,0.8,0.984375,-13687.357190920053,-13920.824816329889
170,rsmax2,si.hiton.pc,mi,0.01,tabu,bde,304.0,4.0,8.0,0.8411458333333333,0.8333333333333333,0.8,0.984375,-13687.357190920053,-13920.824816329889
171,rsmax2,si.hiton.pc,mi,0.01,tabu,bic,304.0,4.0,8.0,0.8411458333333333,0.8333333333333333,0.8,0.984375,-13687.357190920053,-13920.824816329889
172,rsmax2,si.hiton.pc,mi,0.05,hc,bde,295.0,4.0,8.0,0.8411458333333333,0.8333333333333333,0.8,0.984375,-13687.357190920053,-13920.824816329889
173,rsmax2,si.hiton.pc,mi,0.05,hc,bic,295.0,4.0,8.0,0.8411458333333333,0.8333333333333333,0.8,0.984375,-13687.357190920053,-13920.824816329889
174,rsmax2,si.hiton.pc,mi,0.05,tabu,bde,315.0,4.0,8.0,0.8411458333333333,0.8333333333333333,0.8,0.984375,-13687.357190920053,-13920.824816329889
175,rsmax2,si.hiton.pc,mi,0.05,tabu,bic,315.0,4.0,8.0,0.8411458333333333,0.8333333333333333,0.8,0.984375,-13687.357190920053,-13920.824816329889
176,rsmax2,si.hiton.pc,mi,0.1,hc,bde,301.0,4.0,8.0,0.8411458333333333,0.8333333333333333,0.8,0.984375,-13687.357190920053,-13920.824816329889
177,rsmax2,si.hiton.pc,mi,0.1,hc,bic,301.0,4.0,8.0,0.8411458333333333,0.8333333333333333,0.8,0.984375,-13687.357190920053,-13920.824816329889
178,rsmax2,si.hiton.pc,mi,0.1,tabu,bde,321.0,4.0,8.0,0.8411458333333333,0.8333333333333333,0.8,0.984375,-13687.357190920053,-13920.824816329889
179,rsmax2,si.hiton.pc,mi,0.1,tabu,bic,321.0,4.0,8.0,0.8411458333333333,0.8333333333333333,0.8,0.984375,-13687.357190920053,-13920.824816329889
180,rsmax2,si.hiton.pc,x2,0.01,hc,bde,284.0,4.0,8.0,0.8411458333333333,0.8333333333333333,0.8,0.984375,-13687.357190920053,-13920.824816329889
181,rsmax2,si.hiton.pc,x2,0.01,hc,bic,284.0,4.0,8.0,0.8411458333333333,0.8333333333333333,0.8,0.984375,-13687.357190920053,-13920.824816329889
182,rsmax2,si.hiton.pc,x2,0.01,tabu,bde,304.0,4.0,8.0,0.8411458333333333,0.8333333333333333,0.8,0.984375,-13687.357190920053,-13920.824816329889
183,rsmax2,si.hiton.pc,x2,0.01,tabu,bic,304.0,4.0,8.0,0.8411458333333333,0.8333333333333333,0.8,0.984375,-13687.357190920053,-13920.824816329889
184,rsmax2,si.hiton.pc,x2,0.05,hc,bde,291.0,4.0,8.0,0.8411458333333333,0.8333333333333333,0.8,0.984375,-13687.357190920053,-13920.824816329889
185,rsmax2,si.hiton.pc,x2,0.05,hc,bic,291.0,4.0,8.0,0.8411458333333333,0.8333333333333333,0.8,0.984375,-13687.357190920053,-13920.824816329889
186,rsmax2,si.hiton.pc,x2,0.05,tabu,bde,311.0,4.0,8.0,0.8411458333333333,0.8333333333333333,0.8,0.984375,-13687.357190920053,-13920.824816329889
187,rsmax2,si.hiton.pc,x2,0.05,tabu,bic,311.0,4.0,8.0,0.8411458333333333,0.8333333333333333,0.8,0.984375,-13687.357190920053,-13920.824816329889
188,rsmax2,si.hiton.pc,x2,0.1,hc,bde,295.0,4.0,8.0,0.8411458333333333,0.8333333333333333,0.8,0.984375,-13687.357190920053,-13920.824816329889
189,rsmax2,si.hiton.pc,x2,0.1,hc,bic,295.0,4.0,8.0,0.8411458333333333,0.8333333333333333,0.8,0.984375,-13687.357190920053,-13920.824816329889
190,rsmax2,si.hiton.pc,x2,0.1,tabu,bde,315.0,4.0,8.0,0.8411458333333333,0.8333333333333333,0.8,0.984375,-13687.357190920053,-13920.824816329889
191,rsmax2,si.hiton.pc,x2,0.1,tabu,bic,315.0,4.0,8.0,0.8411458333333333,0.8333333333333333,0.8,0.984375,-13687.357190920053,-13920.824816329889
